channel,mae_analysis_std,mae_bg_std,rmse_analysis_std,rmse_bg_std,bias_analysis_std,bias_bg_std,std_era5,mae_climatology_std,mean_abs_analysis_minus_bg,mae_analysis_phys,mae_bg_phys,improve_pct
z50,0.01088782778007498,0.01077605542682466,0.014075856853089127,0.013914039835513786,-0.0015738232297793267,-0.0006878011910186828,3193.400634765625,1.1610272663940877,0.0027156518179563957,34.769196144110246,34.412262240291426,-0.34649914601974213
z100,0.01103079209834228,0.011044064220200238,0.014191683523493528,0.014197913927027734,-0.0010749837680764142,-0.00022865612818308002,2338.501220703125,1.195046172089629,0.0031774203069917448,25.795520787295807,25.82655766046196,-0.34649914601974213
z150,0.011459254976885077,0.011417008881458288,0.014873878748581777,0.014806203498751168,-0.0012572998386126588,-0.0002402908658956761,2057.2666015625,1.1843949890136718,0.0030207003109038824,23.574742542734526,23.48783106156657,-0.34649914601974213
z200,0.01185942319723276,0.011752981420547244,0.015538271359904932,0.015409865427498365,-0.0013448835459966507,-0.0004471182748584375,1884.8441162109375,1.2690330902211395,0.003005916369266999,22.353164034959672,22.15253787845494,-0.34649914601974213
z250,0.012687620167621616,0.012637475375290756,0.016901588854479472,0.016880722763207165,-0.001338017062441547,0.000202846325998182,1758.542724609375,1.3514115240635016,0.0034319232642577827,22.311722138378173,22.223540378647687,-0.34649914601974213
z300,0.01338925897274553,0.013350686893067227,0.01803652202774928,0.01806314774167272,-0.0012570577037437694,0.00046358793829505185,1629.1297607421875,1.3989603941082518,0.0037119638046502193,21.81284026678411,21.75000134384647,-0.34649914601974213
z400,0.014259789962326068,0.014254808315281758,0.019221709212153677,0.019304874822833964,-0.0012999677817622638,-0.00024019305955309315,1340.35693359375,1.4986563751257964,0.003798740110991202,19.113208347594306,19.106531162437747,-0.34649914601974213
z500,0.015523738791217734,0.015499693669096745,0.02062731901876142,0.020686735975887754,-0.001303012932176555,-0.0012779010416796575,1088.828125,1.6152788397447821,0.003990177167932047,16.90268340103137,16.87650239579698,-0.34649914601974213
z600,0.017702010356171808,0.017778043875036367,0.02340314679065952,0.023608855264431353,-0.0012992175756720542,-0.0032593688017646615,892.7944946289062,1.7138359720046121,0.004964375021402362,15.804257389854074,15.872139696903615,-0.34649914601974213
z700,0.020720711796566097,0.02054000942989438,0.027290294088864443,0.027133945341976492,-0.001187406952432624,-0.0016035060484476287,745.7636108398438,1.767352562090416,0.006213557465463622,15.452752848578879,15.317991599122472,-0.34649914601974213
z850,0.024112498844645107,0.024065598370245817,0.03170732773503619,0.031650646982843776,-0.001041409814314091,-0.0017466882329948146,621.9691772460938,1.6577491754664606,0.0070399776395860605,14.997231067751303,14.968060418276725,-0.34649914601974213
z925,0.02502041305523361,0.02474893889584384,0.033159942630000466,0.032809462640441635,-0.0008425256169045182,-0.0011157579246967558,612.0159301757812,1.4383356066879627,0.006136711799472534,15.31289136938106,15.14674485920344,-0.34649914601974213
z1000,0.02708010384742448,0.026597345349843978,0.03638614654438618,0.03575290315760557,-0.0008773495078596295,-0.000576432374998545,631.9691162109375,1.1802290681459382,0.007311031830034268,17.113789295357257,16.808700834297987,-0.34649914601974213
t50,0.053998787545750285,0.053893592051970654,0.07077043727080565,0.0706484334418166,-0.002633329054411223,-0.001887421938471305,7.119581699371338,0.6459723337287577,0.003261911214052976,0.3844487795989647,0.3836998316865949,-0.34649914601974213
t100,0.05369055679284027,0.05369257682409042,0.0706112787133092,0.07063787148810913,-0.00035490033518118154,-0.0025516097028358805,6.191113471984863,1.0498409188332285,0.004232220029656267,0.33240432947852183,0.33241683572120845,-0.34649914601974213
t150,0.06230777137299888,0.062387191413814186,0.08344619729546772,0.08355387322185906,0.001744475997188407,0.004136074540251923,5.433646202087402,0.8976147619301,0.006091661115560194,0.3385583852814255,0.33898992568457126,-0.34649914601974213
t200,0.0636572948334709,0.06370705348376972,0.08636522667478065,0.08645278506795688,-0.000756191872606129,-0.0029168208667574055,5.482010364532471,0.8684639841529185,0.00657596223956936,0.34896995005518683,0.34924272749185004,-0.34649914601974213
t250,0.05794348363911276,0.05809836110498151,0.0819528143707324,0.08221651535614566,-0.0015043866244555248,-0.003963838657034477,4.732972621917725,0.9460772735819275,0.005403046979135646,0.2742449216824583,0.2749779524881671,-0.34649914601974213
t300,0.05391364075470902,0.05397658100058308,0.07582489617375326,0.0759737622426104,-0.0010174698955737627,0.0012606051728875354,4.170055866241455,1.1743984083611159,0.0051554034524784855,0.22482289389960874,0.22508535824113854,-0.34649914601974213
t400,0.04587164126618587,0.04596076781350906,0.06287880896607159,0.0630815986061771,-0.0018691427969988958,0.0031969622103440527,4.659672260284424,1.1515943605006105,0.007133281792767609,0.21374681434176457,0.21416211484198136,-0.34649914601974213
t500,0.045184500313503836,0.04522064148433625,0.061699053494990184,0.06179350698186423,-0.0011914569187240723,0.0026786366115541392,4.8080973625183105,1.149232939183348,0.006909806757473975,0.21725147678406556,0.21742524705222321,-0.34649914601974213
t600,0.048557563579126155,0.04856719472323873,0.06577294435422576,0.06581157756382203,-0.0010164658185572197,0.0011614546216160094,4.867610454559326,1.1902454406961853,0.006923608829395821,0.23635930412568365,0.23640618478345538,-0.34649914601974213
t700,0.05395533239157354,0.054014827881977236,0.07273018207283694,0.07283048684133064,-0.00037756155298451945,0.0018265331304098806,5.060886859893799,1.2580987399780124,0.0059552360716320215,0.2730618327217168,0.2733629326673238,-0.34649914601974213
t850,0.060477047362461483,0.059822085849822515,0.08243980617293548,0.08165576321847424,-0.0011419074573032148,4.110988002083968e-05,5.590771675109863,1.4032106250953906,0.011560770245553227,0.3381133633883273,0.3344516231151783,-0.34649914601974213
t925,0.06775467845837567,0.06594094934335412,0.09332332375820046,0.0912185689729687,-0.0007012882926052161,-0.001924954529212599,5.611018657684326,1.5895591368809143,0.018378951546618935,0.3801727649753482,0.369995897070977,-0.34649914601974213
t1000,0.07478021088391724,0.07301398036244151,0.10330272779122122,0.10133059540515844,0.0004589033228264478,-0.0031294137858063602,5.558934688568115,1.6142142916016817,0.018970278436011012,0.4156983083010465,0.4058799481872073,-0.34649914601974213
u50,0.07247339556068728,0.07237042549328926,0.09454832541691696,0.094428363230279,0.001567314554992904,0.0014139376084009807,10.98034954071045,0.7816361815996368,0.00549416841022552,0.7957832156585193,0.7946525683262585,-0.34649914601974213
u100,0.08215755187839233,0.08218929176656609,0.10858151966146065,0.10861040476989865,0.0025174071968183994,0.0010908984951447508,9.611279487609863,0.6310924860729549,0.005118515923783019,0.7896391931210354,0.7899442540571788,-0.34649914601974213
u150,0.07200353794773275,0.07202624531747075,0.09554952715292875,0.09558676843838258,-0.00032531309395264355,-0.0026420439099972574,11.095009803771973,0.7048180481627747,0.004997967552934956,0.798879959436362,0.7991318979262231,-0.34649914601974213
u200,0.06737242409888933,0.0674487041990399,0.09208764881421874,0.09216066602556512,-0.00041519670432231076,-0.004819142283810364,12.694803237915039,0.818073966709831,0.006796005619314564,0.8552796675967654,0.8562480284591454,-0.34649914601974213
u250,0.07213850324116056,0.07219807483919956,0.10038051005396156,0.10044421246197682,-0.0008354046821630627,-0.005831730351743535,13.685319900512695,0.8598697555225265,0.007655248193659334,0.9872384939994542,0.9880537503756026,-0.34649914601974213
u300,0.07717483562427563,0.0770929213583251,0.10760658331461465,0.10751429012886693,0.00031601551665454846,-0.0020723973814357113,13.393957138061523,0.8392475969363482,0.0067103122180198135,1.0336764404884913,1.0325792843213542,-0.34649914601974213
u400,0.08143782833411435,0.08143557419270386,0.11371720891644897,0.11371439369498772,-0.0008525891299558501,-0.0023808441425745303,11.166704177856445,0.8190112964224903,0.005424269966153435,0.9093921378941108,0.9093669665638048,-0.34649914601974213
u500,0.08695553054157486,0.08696369008121327,0.12165615968510964,0.12165396373732348,-0.0007624907441373564,-0.0019654201054365643,9.159022331237793,0.8340062127678094,0.005950563671533587,0.796427646054914,0.7965023794606749,-0.34649914601974213
u600,0.10039468544015663,0.1003562369014754,0.14082573828017747,0.1408071194077872,0.0011922939141736945,-0.003186872702123772,7.755474090576172,0.8485643983498597,0.008348196036067491,0.7786083817626795,0.7783101951171167,-0.34649914601974213
u700,0.12014515691624457,0.12009043282496042,0.16656893180598875,0.16655414741047003,0.0018610234550394855,-0.005440852256157459,6.729358196258545,0.8480316428532676,0.01131187533575391,0.8084997964350994,0.8081315384228835,-0.34649914601974213
u850,0.13003259912660853,0.12970945258134742,0.17807743127097908,0.17781394433343697,0.0008234936634808669,-0.003382282041568168,5.894887447357178,0.7879082864428324,0.014636919978774074,0.7665275363386725,0.764622623825356,-0.34649914601974213
u925,0.11837449852800194,0.11813241653535538,0.16356579601305135,0.16335553850289544,0.0006290710092691638,0.0017796032180752656,5.662603855133057,0.7360247851174975,0.012709365662492093,0.6703078917141061,0.6689370772892874,-0.34649914601974213
u1000,0.11138214362846625,0.11121021969414456,0.1602572623289603,0.1601369021463791,0.0001484459237410472,0.001733539579561269,4.350813865661621,0.6688932463071867,0.009244561311817286,0.48460297488584514,0.48385496584855925,-0.34649914601974213
v50,0.12798226390275036,0.12805284483819945,0.16674159259194893,0.1668256496203885,-0.005362630540798435,0.0009144828502220694,6.136265277862549,0.5503982999473265,0.011082446170522762,0.7853331221686884,0.7857662255121638,-0.34649914601974213
v100,0.10765580469580943,0.107858214628711,0.14181927771102545,0.14206981131097302,-0.0008944273467138136,0.002793439324667748,7.103512287139893,0.7421854833805518,0.008848226913165697,0.7647343314386148,0.7661721528840203,-0.34649914601974213
v150,0.08518095160869743,0.08521866683121566,0.11332210558104294,0.11338796133113492,-0.0008695252721854037,-0.0034223279537990126,9.060528755187988,0.8384614039457179,0.005464978954585335,0.7717844614448796,0.7721261813030144,-0.34649914601974213
v200,0.07425409542917477,0.0742223275479234,0.1012306593293866,0.1011690869151462,-0.0016360759069649583,0.0010558955114839716,11.169410705566406,0.9526522991101238,0.006943848951104505,0.8293744884187743,0.829019659905832,-0.34649914601974213
v250,0.07763540624262212,0.07752430004077954,0.10832229457517507,0.1081122255969611,-0.001327945498774631,0.000910977334357225,12.473112106323242,0.9964717674022484,0.007184957032966381,0.968355125484173,0.9669692853728826,-0.34649914601974213
v300,0.08236383640722478,0.08227521735669929,0.11555920778372882,0.11545020887936333,-7.090713753750473e-05,0.0010827231925249245,12.330634117126465,0.9703746025262444,0.006534441550863823,1.0155983312203487,1.0145056021325118,-0.34649914601974213
v400,0.08796047767294486,0.08797500843239063,0.12338870859730763,0.12341778096635922,-0.0006402983550114218,0.0006503777213221796,10.290472030639648,0.9332898867727054,0.005616027071653559,0.9051548352951424,0.905304363668803,-0.34649914601974213
v500,0.09398148332905566,0.0940058839306581,0.13196745182045333,0.1320090604112374,-0.0006856305469214116,-0.0018710565267719774,8.402085304260254,0.9252645266652835,0.005342559853752891,0.7896404399516386,0.7898454558877777,-0.34649914601974213
v600,0.10807672130319225,0.10795751594944024,0.1515248681219692,0.15143823032807485,-0.0011048984156878294,-0.002885337841943798,7.107772350311279,0.9131130996350113,0.008849576672354897,0.7681847313911279,0.7673374468737203,-0.34649914601974213
v700,0.13063775254693225,0.1304489993699741,0.18073990563189637,0.1805913192790588,-0.0029976191815166246,-0.007763666918226069,6.146186351776123,0.8899267803560101,0.013115400816785838,0.8029239717306614,0.8017638595305868,-0.34649914601974213
v850,0.13855772770659244,0.13845958132155795,0.19045688356199406,0.19036851785404538,-0.0001308196650247143,-0.001975800116047245,5.477151870727539,0.7751275711152725,0.010914612421913753,0.7589017175119198,0.7583641548555229,-0.34649914601974213
v925,0.12057833526015137,0.12060518309019133,0.16723103786867252,0.16730652401811102,0.0012595510412739892,0.001144200461360561,5.519107341766357,0.7027899223951776,0.009717091026469173,0.6654847753922667,0.6656329514481507,-0.34649914601974213
v1000,0.10814890781165043,0.10806533540998187,0.15506517177479498,0.15507597790551256,0.0005454205006124481,8.559360390617734e-05,4.367448329925537,0.6080048250191378,0.008688712903140374,0.47233476680526354,0.4719697686591683,-0.34649914601974213
r50,0.020264849651136386,0.019986756936679975,0.05579191265203042,0.05575937391102999,-0.00020990519241972285,-0.0009928603205256736,7.910320281982422,0.6283634635729668,0.002331780570039528,0.16030145120670855,0.15810164876727245,-0.34649914601974213
r100,0.01813631607935979,0.017992284562852647,0.03161063284408709,0.03155349975107284,-0.0007489344128890826,-0.0017322025191088882,14.413284301757812,1.5471798549554288,0.002471616404979366,0.2614038798383542,0.2593279126425235,-0.34649914601974213
r150,0.037278860596364524,0.037184374582782044,0.08903620622293158,0.0890934401468905,-0.0039574436135862995,-0.005435419816282715,18.7956600189209,1.0940593755812873,0.0029059184558225637,0.7006807896620144,0.698904862674175,-0.34649914601974213
r200,0.0992815435500372,0.09929281876346276,0.1761694995025574,0.17618195198840228,-0.008052392285021524,-0.0027439783502629387,28.803089141845703,0.8967452481261685,0.007590693985003983,2.859615149011758,2.8599399099891474,-0.34649914601974213
r250,0.14665369287660854,0.14688085488492897,0.22405507317986875,0.22451077259466967,-0.00357268245520027,-0.008535490645521,33.001731872558594,0.8388927434564947,0.01270442781285343,4.839825850434392,4.847322590124614,-0.34649914601974213
r300,0.18861311142843432,0.1890158485347389,0.2786493654142484,0.2788391782675038,0.0002937202093729315,-0.005760566065308521,30.969409942626953,0.8708566649347289,0.01791336011246156,5.841236768381559,5.853709298925813,-0.34649914601974213
r400,0.20443494459066053,0.20544631860195062,0.3006070576829009,0.3013769452625138,-0.0020014123816011298,-0.015377364047281034,28.41872787475586,0.9353225991199013,0.023384571750813207,5.809781058412774,5.838523021219228,-0.34649914601974213
r500,0.17611083192557497,0.17680615486825052,0.2634536163732041,0.26424811873817056,-0.0031325391428465516,-0.01706564273116644,28.09234619140625,0.9291923424204919,0.021160918545519186,4.947366458509812,4.9668997113302815,-0.34649914601974213
r600,0.170375001136491,0.17054495530832964,0.25345519125706695,0.25348593583945433,-0.002262176339206387,-0.01159507146212062,27.53534507751465,0.926311294499771,0.018565171955560445,4.691334448875231,4.69601419564417,-0.34649914601974213
r700,0.18987912169888488,0.18974953410389658,0.2734091349071803,0.2730901322759059,-0.0021684837044740916,-0.005325759317957875,25.26750946044922,0.9481719871958825,0.01512442620245965,4.797772503868362,4.7944981480860385,-0.34649914601974213
r850,0.20886136130681113,0.20666798220158206,0.2866868255524223,0.28431293987756334,0.0003219767953741099,-0.012132645352164758,21.396488189697266,0.957254131722363,0.03450112427838411,4.468899650485278,4.421969040364715,-0.34649914601974213
r925,0.2546209062848772,0.24787818750327906,0.34504672296314953,0.33755352406811057,0.005021016198655043,0.00010239948010269975,15.266214370727539,1.373437022673778,0.061452700949122765,3.8870973386138625,3.784161548252454,-0.34649914601974213
r1000,0.2670876010433658,0.26029888465145423,0.3610214914545457,0.35335689655933356,0.006018021880707025,0.007301084802955644,12.206788063049316,1.1946013741033272,0.06620855524717524,3.2602817402046362,3.1774133179884223,-0.34649914601974213
t2m,0.08799267080677298,0.08882486210637913,0.12382310545999647,0.12511336715667945,0.008194495789679415,0.011636984335197198,5.9033050537109375,1.708165300343645,0.015286663134601673,0.5194475782631458,0.524360257367765,-0.34649914601974213
u10,0.10699192957709269,0.1067824338090871,0.15034031687286567,0.1501256308934508,-0.00036668354865977763,0.0020339747936770737,3.936750888824463,0.6354880312219789,0.0107290495184315,0.421200573859664,0.42037584120876303,-0.34649914601974213
v10,0.10516903114551736,0.10508732587281018,0.14694879132150424,0.14692458004027092,0.00040263902909953663,-0.0002973118358915979,3.9309120178222656,0.5928830760913891,0.00968904223051991,0.4134102084326383,0.41308903219423426,-0.34649914601974213
msl,0.02666833449050475,0.026179607942136363,0.0357554312394598,0.0351176073515326,-0.001009655307810094,-0.001414461941327513,809.6221313476562,1.078252219548301,0.007123807822973883,21.59127380969467,21.19558997995847,-0.34649914601974213
tp,0.33004555246170736,,0.8958751857508026,,-0.15591499109503326,,0.4102828800678253,0.8550503257943802,,0.13541203981756583,,-0.34649914601974213
